Workbook
Name Slicer_CategoryName: #N/A

Sheet Customers
A1: CustomerID | B1: CustomerName | C1: Gender | D1: Age | E1: City | F1: RegionID
A2: C001 | B2: James Smith | C2: Male | D2: 34 | E2: London | F2: R01
A3: C002 | B3: Emily Johnson | C3: Female | D3: 28 | E3: Manchester | F3: R02
A4: C003 | B4: Oliver Brown | C4: Male | D4: 45 | E4: Birmingham | F4: R03
A5: C004 | B5: Sophia Williams | C5: Female | D5: 31 | E5: Leeds | F5: R04
A6: C005 | B6: Harry Jones | C6: Male | D6: 39 | E6: Liverpool | F6: R02
A7: C006 | B7: Amelia Taylor | C7: Female | D7: 26 | E7: Bristol | F7: R03
A8: C007 | B8: Jack Davies | C8: Male | D8: 50 | E8: Glasgow | F8: R05
A9: C008 | B9: Isla Wilson | C9: Female | D9: 29 | E9: London | F9: R01
A10: C009 | B10: Charlie Evans | C10: Male | D10: 41 | E10: Sheffield | F10: R04
A11: C010 | B11: Ava Thomas | C11: Female | D11: 36 | E11: Nottingham | F11: R03
A12: C011 | B12: George White | C12: Male | D12: 33 | E12: Leicester | F12: R03
A13: C012 | B13: Mia Harris | C13: Female | D13: 27 | E13: Coventry | F13: R03
... A31: C030 | B31: Sophie Adams | C31: Female | D31: 26 | E31: Brighton | F31: R01

Sheet Regions
A1: RegionID | B1: RegionName
A2: R01 | B2: London
A3: R02 | B3: North West
A4: R03 | B4: Midlands
A5: R04 | B5: Yorkshire
A6: R05 | B6: Scotland

Sheet Products
A1: ProductID | B1: ProductName | C1: Category | D1: UnitPrice
A2: P001 | B2: Wireless Mouse | C2: Electronics | D2: 25.99
A3: P002 | B3: Notebook | C3: Stationery | D3: 15.5
A4: P003 | B4: Smartphone | C4: Electronics | D4: 199.99
A5: P004 | B5: Office Chair | C5: Furniture | D5: 89.99
A6: P005 | B6: Coffee Mug | C6: Home | D6: 9.99
A7: P006 | B7: Desk Lamp | C7: Furniture | D7: 49.99
A8: P007 | B8: Bluetooth Keyboard | C8: Electronics | D8: 45.99
A9: P008 | B9: Monitor 24 inch | C9: Electronics | D9: 149.99
A10: P009 | B10: Water Bottle | C10: Home | D10: 12.99
A11: P010 | B11: Backpack | C11: Accessories | D11: 39.99
A12: P011 | B12: Pen Set | C12: Stationery | D12: 5.99
A13: P012 | B13: Tablet | C13: Electronics | D13: 299.99
... A21: P020 | B21: Extension Cable | C21: Electronics | D21: 14.99

Sheet Orders
A1: OrderID | B1: OrderDate | C1: CustomerID | D1: ProductID | E1: Quantity | F1: UnitPrice | G1: RegionID | H1: Month | I1: Year | J1: Revenue | K1: CustomerName | L1: ProductName | M1: CategoryName | N1: RegionName
A2: 1001 | B2: 45659 | C2: C001 | D2: P001 | E2: 2 | F2: =_xlfn.XLOOKUP(Orders[[#This Row],[ProductID]],Products!A:A,Products!D:D) -> 25.99 | G2: R01 | H2: =TEXT(Orders[[#This Row],[OrderDate]],"mmm") -> Jan | I2: =YEAR(Orders[[#This Row],[OrderDate]]) -> 2025 | J2: =Orders[[#This Row],[Quantity]]*Orders[[#This Row],[UnitPrice]] -> 51.98 | K2: =_xlfn.XLOOKUP(Orders[[#This Row],[CustomerID]],'Customers'!A:A,'Customers'!B:B) -> James Smith | L2: =_xlfn.XLOOKUP(Orders[[#This Row],[ProductID]],Products!A:A,Products!B:B) -> Wireless Mouse | M2: =_xlfn.XLOOKUP(Orders[[#This Row],[ProductID]],Products!A:A,Products!C:C) -> Electronics | N2: =_xlfn.XLOOKUP(Orders[[#This Row],[RegionID]],'Regions'!A:A,'Regions'!B:B) -> London
A3: 1002 | B3: 45660 | C3: C002 | D3: P003 | E3: 1 | F3: =_xlfn.XLOOKUP(Orders[[#This Row],[ProductID]],Products!A:A,Products!D:D) -> 199.99 | G3: R02 | H3: =TEXT(Orders[[#This Row],[OrderDate]],"mmm") -> Jan | I3: =YEAR(Orders[[#This Row],[OrderDate]]) -> 2025 | J3: =Orders[[#This Row],[Quantity]]*Orders[[#This Row],[UnitPrice]] -> 199.99 | K3: =_xlfn.XLOOKUP(Orders[[#This Row],[CustomerID]],'Customers'!A:A,'Customers'!B:B) -> Emily Johnson | L3: =_xlfn.XLOOKUP(Orders[[#This Row],[ProductID]],Products!A:A,Products!B:B) -> Smartphone | M3: =_xlfn.XLOOKUP(Orders[[#This Row],[ProductID]],Products!A:A,Products!C:C) -> Electronics | N3: =_xlfn.XLOOKUP(Orders[[#This Row],[RegionID]],'Regions'!A:A,'Regions'!B:B) -> North West
A4: 1003 | B4: 45661 | C4: C003 | D4: P002 | E4: 5 | F4: =_xlfn.XLOOKUP(Orders[[#This Row],[ProductID]],Products!A:A,Products!D:D) -> 15.5 | G4: R03 | H4: =TEXT(Orders[[#This Row],[OrderDate]],"mmm") -> Jan | I4: =YEAR(Orders[[#This Row],[OrderDate]]) -> 2025 | J4: =Orders[[#This Row],[Quantity]]*Orders[[#This Row],[UnitPrice]] -> 77.5 | K4: =_xlfn.XLOOKUP(Orders[[#This Row],[CustomerID]],'Customers'!A:A,'Customers'!B:B) -> Oliver Brown | L4: =_xlfn.XLOOKUP(Orders[[#This Row],[ProductID]],Products!A:A,Products!B:B) -> Notebook | M4: =_xlfn.XLOOKUP(Orders[[#This Row],[ProductID]],Products!A:A,Products!C:C) -> Stationery | N4: =_xlfn.XLOOKUP(Orders[[#This Row],[RegionID]],'Regions'!A:A,'Regions'!B:B) -> Midlands
A5: 1004 | B5: 45662 | C5: C004 | D5: P004 | E5: 1 | F5: =_xlfn.XLOOKUP(Orders[[#This Row],[ProductID]],Products!A:A,Products!D:D) -> 89.99 | G5: R04 | H5: =TEXT(Orders[[#This Row],[OrderDate]],"mmm") -> Jan | I5: =YEAR(Orders[[#This Row],[OrderDate]]) -> 2025 | J5: =Orders[[#This Row],[Quantity]]*Orders[[#This Row],[UnitPrice]] -> 89.99 | K5: =_xlfn.XLOOKUP(Orders[[#This Row],[CustomerID]],'Customers'!A:A,'Customers'!B:B) -> Sophia Williams | L5: =_xlfn.XLOOKUP(Orders[[#This Row],[ProductID]],Products!A:A,Products!B:B) -> Office Chair | M5: =_xlfn.XLOOKUP(Orders[[#This Row],[ProductID]],Products!A:A,Products!C:C) -> Furniture | N5: =_xlfn.XLOOKUP(Orders[[#This Row],[RegionID]],'Regions'!A:A,'Regions'!B:B) -> Yorkshire
A6: 1005 | B6: 45663 | C6: C005 | D6: P005 | E6: 3 | F6: =_xlfn.XLOOKUP(Orders[[#This Row],[ProductID]],Products!A:A,Products!D:D) -> 9.99 | G6: R02 | H6: =TEXT(Orders[[#This Row],[OrderDate]],"mmm") -> Jan | I6: =YEAR(Orders[[#This Row],[OrderDate]]) -> 2025 | J6: =Orders[[#This Row],[Quantity]]*Orders[[#This Row],[UnitPrice]] -> 29.97 | K6: =_xlfn.XLOOKUP(Orders[[#This Row],[CustomerID]],'Customers'!A:A,'Customers'!B:B) -> Harry Jones | L6: =_xlfn.XLOOKUP(Orders[[#This Row],[ProductID]],Products!A:A,Products!B:B) -> Coffee Mug | M6: =_xlfn.XLOOKUP(Orders[[#This Row],[ProductID]],Products!A:A,Products!C:C) -> Home | N6: =_xlfn.XLOOKUP(Orders[[#This Row],[RegionID]],'Regions'!A:A,'Regions'!B:B) -> North West
A7: 1006 | B7: 45664 | C7: C006 | D7: P006 | E7: 2 | F7: =_xlfn.XLOOKUP(Orders[[#This Row],[ProductID]],Products!A:A,Products!D:D) -> 49.99 | G7: R03 | H7: =TEXT(Orders[[#This Row],[OrderDate]],"mmm") -> Jan | I7: =YEAR(Orders[[#This Row],[OrderDate]]) -> 2025 | J7: =Orders[[#This Row],[Quantity]]*Orders[[#This Row],[UnitPrice]] -> 99.98 | K7: =_xlfn.XLOOKUP(Orders[[#This Row],[CustomerID]],'Customers'!A:A,'Customers'!B:B) -> Amelia Taylor | L7: =_xlfn.XLOOKUP(Orders[[#This Row],[ProductID]],Products!A:A,Products!B:B) -> Desk Lamp | M7: =_xlfn.XLOOKUP(Orders[[#This Row],[ProductID]],Products!A:A,Products!C:C) -> Furniture | N7: =_xlfn.XLOOKUP(Orders[[#This Row],[RegionID]],'Regions'!A:A,'Regions'!B:B) -> Midlands
A8: 1007 | B8: 45665 | C8: C007 | D8: P008 | E8: 1 | F8: =_xlfn.XLOOKUP(Orders[[#This Row],[ProductID]],Products!A:A,Products!D:D) -> 149.99 | G8: R05 | H8: =TEXT(Orders[[#This Row],[OrderDate]],"mmm") -> Jan | I8: =YEAR(Orders[[#This Row],[OrderDate]]) -> 2025 | J8: =Orders[[#This Row],[Quantity]]*Orders[[#This Row],[UnitPrice]] -> 149.99 | K8: =_xlfn.XLOOKUP(Orders[[#This Row],[CustomerID]],'Customers'!A:A,'Customers'!B:B) -> Jack Davies | L8: =_xlfn.XLOOKUP(Orders[[#This Row],[ProductID]],Products!A:A,Products!B:B) -> Monitor 24 inch | M8: =_xlfn.XLOOKUP(Orders[[#This Row],[ProductID]],Products!A:A,Products!C:C) -> Electronics | N8: =_xlfn.XLOOKUP(Orders[[#This Row],[RegionID]],'Regions'!A:A,'Regions'!B:B) -> Scotland
A9: 1008 | B9: 45666 | C9: C008 | D9: P009 | E9: 4 | F9: =_xlfn.XLOOKUP(Orders[[#This Row],[ProductID]],Products!A:A,Products!D:D) -> 12.99 | G9: R01 | H9: =TEXT(Orders[[#This Row],[OrderDate]],"mmm") -> Jan | I9: =YEAR(Orders[[#This Row],[OrderDate]]) -> 2025 | J9: =Orders[[#This Row],[Quantity]]*Orders[[#This Row],[UnitPrice]] -> 51.96 | K9: =_xlfn.XLOOKUP(Orders[[#This Row],[CustomerID]],'Customers'!A:A,'Customers'!B:B) -> Isla Wilson | L9: =_xlfn.XLOOKUP(Orders[[#This Row],[ProductID]],Products!A:A,Products!B:B) -> Water Bottle | M9: =_xlfn.XLOOKUP(Orders[[#This Row],[ProductID]],Products!A:A,Products!C:C) -> Home | N9: =_xlfn.XLOOKUP(Orders[[#This Row],[RegionID]],'Regions'!A:A,'Regions'!B:B) -> London
A10: 1009 | B10: 45667 | C10: C009 | D10: P010 | E10: 1 | F10: =_xlfn.XLOOKUP(Orders[[#This Row],[ProductID]],Products!A:A,Products!D:D) -> 39.99 | G10: R04 | H10: =TEXT(Orders[[#This Row],[OrderDate]],"mmm") -> Jan | I10: =YEAR(Orders[[#This Row],[OrderDate]]) -> 2025 | J10: =Orders[[#This Row],[Quantity]]*Orders[[#This Row],[UnitPrice]] -> 39.99 | K10: =_xlfn.XLOOKUP(Orders[[#This Row],[CustomerID]],'Customers'!A:A,'Customers'!B:B) -> Charlie Evans | L10: =_xlfn.XLOOKUP(Orders[[#This Row],[ProductID]],Products!A:A,Products!B:B) -> Backpack | M10: =_xlfn.XLOOKUP(Orders[[#This Row],[ProductID]],Products!A:A,Products!C:C) -> Accessories | N10: =_xlfn.XLOOKUP(Orders[[#This Row],[RegionID]],'Regions'!A:A,'Regions'!B:B) -> Yorkshire
A11: 1010 | B11: 45668 | C11: C010 | D11: P011 | E11: 6 | F11: =_xlfn.XLOOKUP(Orders[[#This Row],[ProductID]],Products!A:A,Products!D:D) -> 5.99 | G11: R03 | H11: =TEXT(Orders[[#This Row],[OrderDate]],"mmm") -> Jan | I11: =YEAR(Orders[[#This Row],[OrderDate]]) -> 2025 | J11: =Orders[[#This Row],[Quantity]]*Orders[[#This Row],[UnitPrice]] -> 35.94 | K11: =_xlfn.XLOOKUP(Orders[[#This Row],[CustomerID]],'Customers'!A:A,'Customers'!B:B) -> Ava Thomas | L11: =_xlfn.XLOOKUP(Orders[[#This Row],[ProductID]],Products!A:A,Products!B:B) -> Pen Set | M11: =_xlfn.XLOOKUP(Orders[[#This Row],[ProductID]],Products!A:A,Products!C:C) -> Stationery | N11: =_xlfn.XLOOKUP(Orders[[#This Row],[RegionID]],'Regions'!A:A,'Regions'!B:B) -> Midlands
A12: 1011 | B12: 45669 | C12: C011 | D12: P012 | E12: 1 | F12: =_xlfn.XLOOKUP(Orders[[#This Row],[ProductID]],Products!A:A,Products!D:D) -> 299.99 | G12: R03 | H12: =TEXT(Orders[[#This Row],[OrderDate]],"mmm") -> Jan | I12: =YEAR(Orders[[#This Row],[OrderDate]]) -> 2025 | J12: =Orders[[#This Row],[Quantity]]*Orders[[#This Row],[UnitPrice]] -> 299.99 | K12: =_xlfn.XLOOKUP(Orders[[#This Row],[CustomerID]],'Customers'!A:A,'Customers'!B:B) -> George White | L12: =_xlfn.XLOOKUP(Orders[[#This Row],[ProductID]],Products!A:A,Products!B:B) -> Tablet | M12: =_xlfn.XLOOKUP(Orders[[#This Row],[ProductID]],Products!A:A,Products!C:C) -> Electronics | N12: =_xlfn.XLOOKUP(Orders[[#This Row],[RegionID]],'Regions'!A:A,'Regions'!B:B) -> Midlands
A13: 1012 | B13: 45670 | C13: C012 | D13: P013 | E13: 1 | F13: =_xlfn.XLOOKUP(Orders[[#This Row],[ProductID]],Products!A:A,Products!D:D) -> 129.99 | G13: R03 | H13: =TEXT(Orders[[#This Row],[OrderDate]],"mmm") -> Jan | I13: =YEAR(Orders[[#This Row],[OrderDate]]) -> 2025 | J13: =Orders[[#This Row],[Quantity]]*Orders[[#This Row],[UnitPrice]] -> 129.99 | K13: =_xlfn.XLOOKUP(Orders[[#This Row],[CustomerID]],'Customers'!A:A,'Customers'!B:B) -> Mia Harris | L13: =_xlfn.XLOOKUP(Orders[[#This Row],[ProductID]],Products!A:A,Products!B:B) -> Printer | M13: =_xlfn.XLOOKUP(Orders[[#This Row],[ProductID]],Products!A:A,Products!C:C) -> Electronics | N13: =_xlfn.XLOOKUP(Orders[[#This Row],[RegionID]],'Regions'!A:A,'Regions'!B:B) -> Midlands
... A80: 1079 | B80: 45697 | C80: C019 | D80: P009 | E80: 4 | F80: =_xlfn.XLOOKUP(Orders[[#This Row],[ProductID]],Products!A:A,Products!D:D) -> 12.99 | G80: R02 | H80: =TEXT(Orders[[#This Row],[OrderDate]],"mmm") -> Feb | I80: =YEAR(Orders[[#This Row],[OrderDate]]) -> 2025 | J80: =Orders[[#This Row],[Quantity]]*Orders[[#This Row],[UnitPrice]] -> 51.96 | K80: =_xlfn.XLOOKUP(Orders[[#This Row],[CustomerID]],'Customers'!A:A,'Customers'!B:B) -> Freddie Rodriguez | L80: =_xlfn.XLOOKUP(Orders[[#This Row],[ProductID]],Products!A:A,Products!B:B) -> Water Bottle | M80: =_xlfn.XLOOKUP(Orders[[#This Row],[ProductID]],Products!A:A,Products!C:C) -> Home | N80: =_xlfn.XLOOKUP(Orders[[#This Row],[RegionID]],'Regions'!A:A,'Regions'!B:B) -> North West
A81: 1080 | B81: 45698 | C81: ="C"&TEXT(RANDBETWEEN(1,30),"000") -> C027 | D81: ="P"&TEXT(RANDBETWEEN(1,20),"000") -> P012 | E81: =RANDBETWEEN(1,10) -> 4 | F81: =_xlfn.XLOOKUP(Orders[[#This Row],[ProductID]],Products!A:A,Products!D:D) -> 299.99 | G81: =_xlfn.XLOOKUP(Orders[[#This Row],[CustomerID]],'Customers'!A:A,'Customers'!F:F) -> R04 | H81: =TEXT(Orders[[#This Row],[OrderDate]],"mmm") -> Feb | I81: =YEAR(Orders[[#This Row],[OrderDate]]) -> 2025 | J81: =Orders[[#This Row],[Quantity]]*Orders[[#This Row],[UnitPrice]] -> 1199.96 | K81: =_xlfn.XLOOKUP(Orders[[#This Row],[CustomerID]],'Customers'!A:A,'Customers'!B:B) -> Henry Wright | L81: =_xlfn.XLOOKUP(Orders[[#This Row],[ProductID]],Products!A:A,Products!B:B) -> Tablet | M81: =_xlfn.XLOOKUP(Orders[[#This Row],[ProductID]],Products!A:A,Products!C:C) -> Electronics | N81: =_xlfn.XLOOKUP(Orders[[#This Row],[RegionID]],'Regions'!A:A,'Regions'!B:B) -> Yorkshire
A82: 1081 | B82: 45699 | C82: ="C"&TEXT(RANDBETWEEN(1,30),"000") -> C027 | D82: ="P"&TEXT(RANDBETWEEN(1,20),"000") -> P015 | E82: =RANDBETWEEN(1,10) -> 4 | F82: =_xlfn.XLOOKUP(Orders[[#This Row],[ProductID]],Products!A:A,Products!D:D) -> 79.99 | G82: =_xlfn.XLOOKUP(Orders[[#This Row],[CustomerID]],'Customers'!A:A,'Customers'!F:F) -> R04 | H82: =TEXT(Orders[[#This Row],[OrderDate]],"mmm") -> Feb | I82: =YEAR(Orders[[#This Row],[OrderDate]]) -> 2025 | J82: =Orders[[#This Row],[Quantity]]*Orders[[#This Row],[UnitPrice]] -> 319.96 | K82: =_xlfn.XLOOKUP(Orders[[#This Row],[CustomerID]],'Customers'!A:A,'Customers'!B:B) -> Henry Wright | L82: =_xlfn.XLOOKUP(Orders[[#This Row],[ProductID]],Products!A:A,Products!B:B) -> Headphones | M82: =_xlfn.XLOOKUP(Orders[[#This Row],[ProductID]],Products!A:A,Products!C:C) -> Electronics | N82: =_xlfn.XLOOKUP(Orders[[#This Row],[RegionID]],'Regions'!A:A,'Regions'!B:B) -> Yorkshire
A83: 1082 | B83: 45700 | C83: ="C"&TEXT(RANDBETWEEN(1,30),"000") -> C024 | D83: ="P"&TEXT(RANDBETWEEN(1,20),"000") -> P016 | E83: =RANDBETWEEN(1,10) -> 7 | F83: =_xlfn.XLOOKUP(Orders[[#This Row],[ProductID]],Products!A:A,Products!D:D) -> 399.99 | G83: =_xlfn.XLOOKUP(Orders[[#This Row],[CustomerID]],'Customers'!A:A,'Customers'!F:F) -> R01 | H83: =TEXT(Orders[[#This Row],[OrderDate]],"mmm") -> Feb | I83: =YEAR(Orders[[#This Row],[OrderDate]]) -> 2025 | J83: =Orders[[#This Row],[Quantity]]*Orders[[#This Row],[UnitPrice]] -> 2799.93 | K83: =_xlfn.XLOOKUP(Orders[[#This Row],[CustomerID]],'Customers'!A:A,'Customers'!B:B) -> Isabella Allen | L83: =_xlfn.XLOOKUP(Orders[[#This Row],[ProductID]],Products!A:A,Products!B:B) -> Standing Desk | M83: =_xlfn.XLOOKUP(Orders[[#This Row],[ProductID]],Products!A:A,Products!C:C) -> Furniture | N83: =_xlfn.XLOOKUP(Orders[[#This Row],[RegionID]],'Regions'!A:A,'Regions'!B:B) -> London
A84: 1083 | B84: 45701 | C84: ="C"&TEXT(RANDBETWEEN(1,30),"000") -> C018 | D84: ="P"&TEXT(RANDBETWEEN(1,20),"000") -> P009 | E84: =RANDBETWEEN(1,10) -> 1 | F84: =_xlfn.XLOOKUP(Orders[[#This Row],[ProductID]],Products!A:A,Products!D:D) -> 12.99 | G84: =_xlfn.XLOOKUP(Orders[[#This Row],[CustomerID]],'Customers'!A:A,'Customers'!F:F) -> R02 | H84: =TEXT(Orders[[#This Row],[OrderDate]],"mmm") -> Feb | I84: =YEAR(Orders[[#This Row],[OrderDate]]) -> 2025 | J84: =Orders[[#This Row],[Quantity]]*Orders[[#This Row],[UnitPrice]] -> 12.99 | K84: =_xlfn.XLOOKUP(Orders[[#This Row],[CustomerID]],'Customers'!A:A,'Customers'!B:B) -> Chloe Clark | L84: =_xlfn.XLOOKUP(Orders[[#This Row],[ProductID]],Products!A:A,Products!B:B) -> Water Bottle | M84: =_xlfn.XLOOKUP(Orders[[#This Row],[ProductID]],Products!A:A,Products!C:C) -> Home | N84: =_xlfn.XLOOKUP(Orders[[#This Row],[RegionID]],'Regions'!A:A,'Regions'!B:B) -> North West
A85: 1084 | B85: 45702 | C85: ="C"&TEXT(RANDBETWEEN(1,30),"000") -> C024 | D85: ="P"&TEXT(RANDBETWEEN(1,20),"000") -> P009 | E85: =RANDBETWEEN(1,10) -> 3 | F85: =_xlfn.XLOOKUP(Orders[[#This Row],[ProductID]],Products!A:A,Products!D:D) -> 12.99 | G85: =_xlfn.XLOOKUP(Orders[[#This Row],[CustomerID]],'Customers'!A:A,'Customers'!F:F) -> R01 | H85: =TEXT(Orders[[#This Row],[OrderDate]],"mmm") -> Feb | I85: =YEAR(Orders[[#This Row],[OrderDate]]) -> 2025 | J85: =Orders[[#This Row],[Quantity]]*Orders[[#This Row],[UnitPrice]] -> 38.97 | K85: =_xlfn.XLOOKUP(Orders[[#This Row],[CustomerID]],'Customers'!A:A,'Customers'!B:B) -> Isabella Allen | L85: =_xlfn.XLOOKUP(Orders[[#This Row],[ProductID]],Products!A:A,Products!B:B) -> Water Bottle | M85: =_xlfn.XLOOKUP(Orders[[#This Row],[ProductID]],Products!A:A,Products!C:C) -> Home | N85: =_xlfn.XLOOKUP(Orders[[#This Row],[RegionID]],'Regions'!A:A,'Regions'!B:B) -> London
A86: 1085 | B86: 45705 | C86: ="C"&TEXT(RANDBETWEEN(1,30),"000") -> C024 | D86: ="P"&TEXT(RANDBETWEEN(1,20),"000") -> P018 | E86: =RANDBETWEEN(1,10) -> 6 | F86: =_xlfn.XLOOKUP(Orders[[#This Row],[ProductID]],Products!A:A,Products!D:D) -> 29.99 | G86: =_xlfn.XLOOKUP(Orders[[#This Row],[CustomerID]],'Customers'!A:A,'Customers'!F:F) -> R01 | H86: =TEXT(Orders[[#This Row],[OrderDate]],"mmm") -> Feb | I86: =YEAR(Orders[[#This Row],[OrderDate]]) -> 2025 | J86: =Orders[[#This Row],[Quantity]]*Orders[[#This Row],[UnitPrice]] -> 179.94 | K86: =_xlfn.XLOOKUP(Orders[[#This Row],[CustomerID]],'Customers'!A:A,'Customers'!B:B) -> Isabella Allen | L86: =_xlfn.XLOOKUP(Orders[[#This Row],[ProductID]],Products!A:A,Products!B:B) -> Laptop Stand | M86: =_xlfn.XLOOKUP(Orders[[#This Row],[ProductID]],Products!A:A,Products!C:C) -> Accessories | N86: =_xlfn.XLOOKUP(Orders[[#This Row],[RegionID]],'Regions'!A:A,'Regions'!B:B) -> London
A87: 1086 | B87: 45706 | C87: ="C"&TEXT(RANDBETWEEN(1,30),"000") -> C018 | D87: ="P"&TEXT(RANDBETWEEN(1,20),"000") -> P018 | E87: =RANDBETWEEN(1,10) -> 10 | F87: =_xlfn.XLOOKUP(Orders[[#This Row],[ProductID]],Products!A:A,Products!D:D) -> 29.99 | G87: =_xlfn.XLOOKUP(Orders[[#This Row],[CustomerID]],'Customers'!A:A,'Customers'!F:F) -> R02 | H87: =TEXT(Orders[[#This Row],[OrderDate]],"mmm") -> Feb | I87: =YEAR(Orders[[#This Row],[OrderDate]]) -> 2025 | J87: =Orders[[#This Row],[Quantity]]*Orders[[#This Row],[UnitPrice]] -> 299.9 | K87: =_xlfn.XLOOKUP(Orders[[#This Row],[CustomerID]],'Customers'!A:A,'Customers'!B:B) -> Chloe Clark | L87: =_xlfn.XLOOKUP(Orders[[#This Row],[ProductID]],Products!A:A,Products!B:B) -> Laptop Stand | M87: =_xlfn.XLOOKUP(Orders[[#This Row],[ProductID]],Products!A:A,Products!C:C) -> Accessories | N87: =_xlfn.XLOOKUP(Orders[[#This Row],[RegionID]],'Regions'!A:A,'Regions'!B:B) -> North West
A88: 1087 | B88: 45707 | C88: ="C"&TEXT(RANDBETWEEN(1,30),"000") -> C028 | D88: ="P"&TEXT(RANDBETWEEN(1,20),"000") -> P002 | E88: =RANDBETWEEN(1,10) -> 10 | F88: =_xlfn.XLOOKUP(Orders[[#This Row],[ProductID]],Products!A:A,Products!D:D) -> 15.5 | G88: =_xlfn.XLOOKUP(Orders[[#This Row],[CustomerID]],'Customers'!A:A,'Customers'!F:F) -> R02 | H88: =TEXT(Orders[[#This Row],[OrderDate]],"mmm") -> Feb | I88: =YEAR(Orders[[#This Row],[OrderDate]]) -> 2025 | J88: =Orders[[#This Row],[Quantity]]*Orders[[#This Row],[UnitPrice]] -> 155 | K88: =_xlfn.XLOOKUP(Orders[[#This Row],[CustomerID]],'Customers'!A:A,'Customers'!B:B) -> Ruby Scott | L88: =_xlfn.XLOOKUP(Orders[[#This Row],[ProductID]],Products!A:A,Products!B:B) -> Notebook | M88: =_xlfn.XLOOKUP(Orders[[#This Row],[ProductID]],Products!A:A,Products!C:C) -> Stationery | N88: =_xlfn.XLOOKUP(Orders[[#This Row],[RegionID]],'Regions'!A:A,'Regions'!B:B) -> North West
A89: 1088 | B89: 45708 | C89: ="C"&TEXT(RANDBETWEEN(1,30),"000") -> C009 | D89: ="P"&TEXT(RANDBETWEEN(1,20),"000") -> P005 | E89: =RANDBETWEEN(1,10) -> 7 | F89: =_xlfn.XLOOKUP(Orders[[#This Row],[ProductID]],Products!A:A,Products!D:D) -> 9.99 | G89: =_xlfn.XLOOKUP(Orders[[#This Row],[CustomerID]],'Customers'!A:A,'Customers'!F:F) -> R04 | H89: =TEXT(Orders[[#This Row],[OrderDate]],"mmm") -> Feb | I89: =YEAR(Orders[[#This Row],[OrderDate]]) -> 2025 | J89: =Orders[[#This Row],[Quantity]]*Orders[[#This Row],[UnitPrice]] -> 69.93 | K89: =_xlfn.XLOOKUP(Orders[[#This Row],[CustomerID]],'Customers'!A:A,'Customers'!B:B) -> Charlie Evans | L89: =_xlfn.XLOOKUP(Orders[[#This Row],[ProductID]],Products!A:A,Products!B:B) -> Coffee Mug | M89: =_xlfn.XLOOKUP(Orders[[#This Row],[ProductID]],Products!A:A,Products!C:C) -> Home | N89: =_xlfn.XLOOKUP(Orders[[#This Row],[RegionID]],'Regions'!A:A,'Regions'!B:B) -> Yorkshire
A90: 1089 | B90: 45709 | C90: ="C"&TEXT(RANDBETWEEN(1,30),"000") -> C005 | D90: ="P"&TEXT(RANDBETWEEN(1,20),"000") -> P011 | E90: =RANDBETWEEN(1,10) -> 7 | F90: =_xlfn.XLOOKUP(Orders[[#This Row],[ProductID]],Products!A:A,Products!D:D) -> 5.99 | G90: =_xlfn.XLOOKUP(Orders[[#This Row],[CustomerID]],'Customers'!A:A,'Customers'!F:F) -> R02 | H90: =TEXT(Orders[[#This Row],[OrderDate]],"mmm") -> Feb | I90: =YEAR(Orders[[#This Row],[OrderDate]]) -> 2025 | J90: =Orders[[#This Row],[Quantity]]*Orders[[#This Row],[UnitPrice]] -> 41.93 | K90: =_xlfn.XLOOKUP(Orders[[#This Row],[CustomerID]],'Customers'!A:A,'Customers'!B:B) -> Harry Jones | L90: =_xlfn.XLOOKUP(Orders[[#This Row],[ProductID]],Products!A:A,Products!B:B) -> Pen Set | M90: =_xlfn.XLOOKUP(Orders[[#This Row],[ProductID]],Products!A:A,Products!C:C) -> Stationery | N90: =_xlfn.XLOOKUP(Orders[[#This Row],[RegionID]],'Regions'!A:A,'Regions'!B:B) -> North West
A91: 1090 | B91: 45712 | C91: ="C"&TEXT(RANDBETWEEN(1,30),"000") -> C004 | D91: ="P"&TEXT(RANDBETWEEN(1,20),"000") -> P015 | E91: =RANDBETWEEN(1,10) -> 1 | F91: =_xlfn.XLOOKUP(Orders[[#This Row],[ProductID]],Products!A:A,Products!D:D) -> 79.99 | G91: =_xlfn.XLOOKUP(Orders[[#This Row],[CustomerID]],'Customers'!A:A,'Customers'!F:F) -> R04 | H91: =TEXT(Orders[[#This Row],[OrderDate]],"mmm") -> Feb | I91: =YEAR(Orders[[#This Row],[OrderDate]]) -> 2025 | J91: =Orders[[#This Row],[Quantity]]*Orders[[#This Row],[UnitPrice]] -> 79.99 | K91: =_xlfn.XLOOKUP(Orders[[#This Row],[CustomerID]],'Customers'!A:A,'Customers'!B:B) -> Sophia Williams | L91: =_xlfn.XLOOKUP(Orders[[#This Row],[ProductID]],Products!A:A,Products!B:B) -> Headphones | M91: =_xlfn.XLOOKUP(Orders[[#This Row],[ProductID]],Products!A:A,Products!C:C) -> Electronics | N91: =_xlfn.XLOOKUP(Orders[[#This Row],[RegionID]],'Regions'!A:A,'Regions'!B:B) -> Yorkshire
A92: 1091 | B92: 45713 | C92: ="C"&TEXT(RANDBETWEEN(1,30),"000") -> C013 | D92: ="P"&TEXT(RANDBETWEEN(1,20),"000") -> P020 | E92: =RANDBETWEEN(1,10) -> 3 | F92: =_xlfn.XLOOKUP(Orders[[#This Row],[ProductID]],Products!A:A,Products!D:D) -> 14.99 | G92: =_xlfn.XLOOKUP(Orders[[#This Row],[CustomerID]],'Customers'!A:A,'Customers'!F:F) -> R02 | H92: =TEXT(Orders[[#This Row],[OrderDate]],"mmm") -> Feb | I92: =YEAR(Orders[[#This Row],[OrderDate]]) -> 2025 | J92: =Orders[[#This Row],[Quantity]]*Orders[[#This Row],[UnitPrice]] -> 44.97 | K92: =_xlfn.XLOOKUP(Orders[[#This Row],[CustomerID]],'Customers'!A:A,'Customers'!B:B) -> Noah Martin | L92: =_xlfn.XLOOKUP(Orders[[#This Row],[ProductID]],Products!A:A,Products!B:B) -> Extension Cable | M92: =_xlfn.XLOOKUP(Orders[[#This Row],[ProductID]],Products!A:A,Products!C:C) -> Electronics | N92: =_xlfn.XLOOKUP(Orders[[#This Row],[RegionID]],'Regions'!A:A,'Regions'!B:B) -> North West
... A313: 1312 | B313: 46022 | C313: ="C"&TEXT(RANDBETWEEN(1,30),"000") -> C016 | D313: ="P"&TEXT(RANDBETWEEN(1,20),"000") -> P011 | E313: =RANDBETWEEN(1,10) -> 3 | F313: =_xlfn.XLOOKUP(Orders[[#This Row],[ProductID]],Products!A:A,Products!D:D) -> 5.99 | G313: =_xlfn.XLOOKUP(Orders[[#This Row],[CustomerID]],'Customers'!A:A,'Customers'!F:F) -> R01 | H313: =TEXT(Orders[[#This Row],[OrderDate]],"mmm") -> Dec | I313: =YEAR(Orders[[#This Row],[OrderDate]]) -> 2025 | J313: =Orders[[#This Row],[Quantity]]*Orders[[#This Row],[UnitPrice]] -> 17.97 | K313: =_xlfn.XLOOKUP(Orders[[#This Row],[CustomerID]],'Customers'!A:A,'Customers'!B:B) -> Grace Martinez | L313: =_xlfn.XLOOKUP(Orders[[#This Row],[ProductID]],Products!A:A,Products!B:B) -> Pen Set | M313: =_xlfn.XLOOKUP(Orders[[#This Row],[ProductID]],Products!A:A,Products!C:C) -> Stationery | N313: =_xlfn.XLOOKUP(Orders[[#This Row],[RegionID]],'Regions'!A:A,'Regions'!B:B) -> London

Sheet Pivot
B2: Category | C2: Sum of Revenue | F2: Region | G2: Sum of Revenue | J2: Total Revenue | L2: Total Orders | N2: Average Order Value
B3: Electronics | C3: 60972.4 | F3: North West | G3: 28541.71 | J3: 103496.03 | L3: 312 | N3: =J3/L3 -> 331.71804
B4: Furniture | C4: 31078.04 | F4: London | G4: 23172.51
B5: Accessories | C5: 5508.43 | F5: Yorkshire | G5: 22750.65
B6: Stationery | C6: 2489.79 | F6: Midlands | G6: 20667.22
B7: Home | C7: 2467.86 | F7: Scotland | G7: 8363.94
B8: Office Supplies | C8: 979.51 | F8: Grand Total | G8: 103496.03
B9: Grand Total | C9: 103496.03
B12: Month | C12: Sum of Revenue | F12: Product | G12: Sum of Revenue | J12: Customer Name | K12: Sum of Revenue
B13: Jan | C13: 2014.1 | F13: Tablet | G13: 24599.18 | J13: Isla Wilson | K13: 7676.42
B14: Feb | C14: 6142.24 | F14: Standing Desk | G14: 20799.48 | J14: Chloe Clark | K14: 6384.52
B15: Mar | C15: 7874.95 | F15: Smartphone | G15: 9599.52 | J15: Alfie Lee | K15: 5913.03
B16: Apr | C16: 5616.15 | F16: Monitor 24 inch | G16: 8099.46 | J16: Freddie Rodriguez | K16: 5841.37
B17: May | C17: 10908.35 | F17: Office Chair | G17: 6929.23 | J17: Ella Lewis | K17: 5633.66
B18: Jun | C18: 7059.82 | F18: Grand Total | G18: 70026.87 | J18: Grand Total | K18: 31449
B19: Jul | C19: 8051.04
B20: Aug | C20: 12750.43
B21: Sep | C21: 13119.53
B22: Oct | C22: 13224.6 | F22: Total Orders by Region | G22: Count of OrderID
B23: Nov | C23: 10638.43 | F23: London | G23: 67
B24: Dec | C24: 6096.39 | F24: Midlands | G24: 86
B25: Grand Total | C25: 103496.03 | F25: North West | G25: 75
F26: Scotland | G26: 27
F27: Yorkshire | G27: 57
F28: Grand Total | G28: 312

Sheet Dashboard
D3: Total Revenue | H3: Total Orders | K3: Average Order Value
D4: =Pivot!J3 -> 103496.03 | H4: =Pivot!L3 -> 312 | L4: =Pivot!N3 -> 331.71804
